benchmark_number,name,iterations,cycles_per_tuple
0,air_sensor_f_fused,3000000,5.52568
0,air_sensor_f,3000000,5.26674
1,arade4_fused,3000000,3.46043
1,arade4,3000000,4.63173
2,basel_temp_f_fused,3000000,3.6888
2,basel_temp_f,3000000,4.73481
3,basel_wind_f_fused,3000000,3.60709
3,basel_wind_f,3000000,4.76619
4,bird_migration_f_fused,3000000,3.5516
4,bird_migration_f,3000000,4.55978
5,bitcoin_f_fused,3000000,3.64943
5,bitcoin_f,3000000,4.7477
6,bitcoin_transactions_f_fused,3000000,3.68778
6,bitcoin_transactions_f,3000000,4.7569
7,city_temperature_f_fused,3000000,3.53057
7,city_temperature_f,3000000,4.52499
8,cms1_fused,3000000,3.78867
8,cms1,3000000,4.91776
9,cms9_fused,3000000,3.53025
9,cms9,3000000,4.51316
10,cms25_fused,3000000,3.74043
10,cms25,3000000,4.87941
11,food_prices_fused,3000000,3.63077
11,food_prices,3000000,4.69626
12,gov10_fused,3000000,3.6539
12,gov10,3000000,4.87907
13,gov26_fused,3000000,0.501279
13,gov26,3000000,3.8889
14,gov30_fused,3000000,0.5099
14,gov30,3000000,3.91047
15,gov31_fused,3000000,0.503659
15,gov31,3000000,3.95134
16,gov40_fused,3000000,0.505107
16,gov40,3000000,3.95097
17,medicare1_fused,3000000,3.74031
17,medicare1,3000000,4.93978
18,medicare9_fused,3000000,3.50835
18,medicare9,3000000,4.50956
19,neon_air_pressure_fused,3000000,3.235
19,neon_air_pressure,3000000,4.30168
20,neon_bio_temp_c_fused,3000000,3.51982
20,neon_bio_temp_c,3000000,4.50558
21,neon_dew_point_temp_fused,3000000,3.57966
21,neon_dew_point_temp,3000000,4.58698
22,neon_pm10_dust_fused,3000000,3.35551
22,neon_pm10_dust,3000000,4.39119
23,neon_wind_dir_fused,3000000,3.21796
23,neon_wind_dir,3000000,4.31369
24,nyc29_fused,3000000,3.73131
24,nyc29,3000000,4.87154
25,poi_lat_fused,3000000,5.46704
25,poi_lat,3000000,5.39154
26,poi_lon_fused,3000000,4.011
26,poi_lon,3000000,5.13152
27,ssd_hdd_benchmarks_f_fused,3000000,3.54425
27,ssd_hdd_benchmarks_f,3000000,4.54601
28,stocks_de_fused,3000000,3.51934
28,stocks_de,3000000,4.52888
29,stocks_uk_fused,3000000,3.51056
29,stocks_uk,3000000,4.5101
30,stocks_usa_c_fused,3000000,3.52935
30,stocks_usa_c,3000000,4.52406
