benchmark_number,name,iterations,cycles_per_tuple
0,air_sensor_f_fused,3000000,2.66433
0,air_sensor_f,3000000,3.44197
1,arade4_fused,3000000,1.88429
1,arade4,3000000,2.92618
2,basel_temp_f_fused,3000000,1.98998
2,basel_temp_f,3000000,3.11813
3,basel_wind_f_fused,3000000,1.95222
3,basel_wind_f,3000000,3.16546
4,bird_migration_f_fused,3000000,1.90272
4,bird_migration_f,3000000,2.96381
5,bitcoin_f_fused,3000000,1.9835
5,bitcoin_f,3000000,2.98909
6,bitcoin_transactions_f_fused,3000000,1.97428
6,bitcoin_transactions_f,3000000,2.91731
7,city_temperature_f_fused,3000000,1.88198
7,city_temperature_f,3000000,2.96222
8,cms1_fused,3000000,2.06501
8,cms1,3000000,3.25438
9,cms9_fused,3000000,1.86085
9,cms9,3000000,2.92978
10,cms25_fused,3000000,2.05023
10,cms25,3000000,3.19882
11,food_prices_fused,3000000,1.96032
11,food_prices,3000000,3.13331
12,gov10_fused,3000000,1.99473
12,gov10,3000000,3.22778
13,gov26_fused,3000000,0.50002
13,gov26,3000000,2.73008
14,gov30_fused,3000000,0.503929
14,gov30,3000000,2.73664
15,gov31_fused,3000000,0.500996
15,gov31,3000000,2.73223
16,gov40_fused,3000000,0.603468
16,gov40,3000000,2.73242
17,medicare1_fused,3000000,2.06069
17,medicare1,3000000,3.22677
18,medicare9_fused,3000000,1.86313
18,medicare9,3000000,2.94463
19,neon_air_pressure_fused,3000000,1.70609
19,neon_air_pressure,3000000,2.83451
20,neon_bio_temp_c_fused,3000000,1.86531
20,neon_bio_temp_c,3000000,2.92486
21,neon_dew_point_temp_fused,3000000,1.89772
21,neon_dew_point_temp,3000000,2.95051
22,neon_pm10_dust_fused,3000000,1.77835
22,neon_pm10_dust,3000000,2.8355
23,neon_wind_dir_fused,3000000,1.70136
23,neon_wind_dir,3000000,2.83443
24,nyc29_fused,3000000,2.04937
24,nyc29,3000000,3.19534
25,poi_lat_fused,3000000,2.74405
25,poi_lat,3000000,3.57005
26,poi_lon_fused,3000000,2.25463
26,poi_lon,3000000,3.45143
27,ssd_hdd_benchmarks_f_fused,3000000,1.90057
27,ssd_hdd_benchmarks_f,3000000,2.93408
28,stocks_de_fused,3000000,1.8648
28,stocks_de,3000000,2.93106
29,stocks_uk_fused,3000000,1.82687
29,stocks_uk,3000000,2.85658
30,stocks_usa_c_fused,3000000,1.84392
30,stocks_usa_c,3000000,2.90866
